IdPropia;IdCatPadre;Nombre Producto;Descripcion;Descripcion Corta;Código de referencia;Precio Sin IVA;Precio Con IVA;Cantidad;Activo;Meta Título;Meta Palabras Clave;Meta Descripción;URL Imagen
432;136;Adaptador de oxígeno;;;;;;10;1;;;;http://localhost/consorcioHospitalario/img/ImagenNoDisponible.png
433;136;Soporte de montaje con abrazadera;;;;;;10;1;;;;http://localhost/consorcioHospitalario/img/ImagenNoDisponible.png
434;136;Reflejante para sensor de temperatura;;;;;;10;1;;;;http://localhost/consorcioHospitalario/img/ImagenNoDisponible.png
435;136;Tripie con base de telescopio;;;;;;10;1;;;;http://localhost/consorcioHospitalario/img/ImagenNoDisponible.png
436;136;Canasta para accesorios mca.;;;;;;10;1;;;;http://localhost/consorcioHospitalario/img/ImagenNoDisponible.png
437;136;Circuito de ventilación reusable ;;;;;;10;1;;;;http://localhost/consorcioHospitalario/img/ImagenNoDisponible.png
438;136;Adaptador de temperatura con puerto;;;;;;10;1;;;;http://localhost/consorcioHospitalario/img/ImagenNoDisponible.png
439;136;Cable sensor de temperatura;;;;;;10;1;;;;http://localhost/consorcioHospitalario/img/ImagenNoDisponible.png
440;136;Cable calentador inspiratorio;;;;;;10;1;;;;http://localhost/consorcioHospitalario/img/ImagenNoDisponible.png
441;136;Cable calentador para circuito de ventilación;;;;;;10;1;;;;http://localhost/consorcioHospitalario/img/ImagenNoDisponible.png
442;136;Adaptador para cable calentador ;;;;;;10;1;;;;http://localhost/consorcioHospitalario/img/ImagenNoDisponible.png
443;136;Circuito en T desechable;;;;;;10;1;;;;http://localhost/consorcioHospitalario/img/ImagenNoDisponible.png
444;136;Circuito calentado para reanimador;;;;;;10;1;;;;http://localhost/consorcioHospitalario/img/ImagenNoDisponible.png
445;136;Bloque de montaje lateral;;;;;;10;1;;;;http://localhost/consorcioHospitalario/img/ImagenNoDisponible.png
446;136;Válvula de liberación de presión;;;;;;10;1;;;;http://localhost/consorcioHospitalario/img/ImagenNoDisponible.png
447;136;Sistema de suministro para CPAP;;;;;;10;1;;;;http://localhost/consorcioHospitalario/img/ImagenNoDisponible.png
448;136;Interface de tubo nasal para CPAP;;;;;;10;1;;;;http://localhost/consorcioHospitalario/img/ImagenNoDisponible.png
449;136;Cánula nasal para oxígeno;;;;;;10;1;;;;http://localhost/consorcioHospitalario/img/ImagenNoDisponible.png
450;136;Gorro Neonatal;;;;;;10;1;;;;http://localhost/consorcioHospitalario/img/ImagenNoDisponible.png
451;136;Soporte de montaje para montar blender;;;;;;10;1;;;;http://localhost/consorcioHospitalario/img/ImagenNoDisponible.png
452;136;Mascarilla nasal;;;;;;10;1;;;;http://localhost/consorcioHospitalario/img/ImagenNoDisponible.png
453;136;Cámara de humificación desechable;;;;;;10;1;;;;http://localhost/consorcioHospitalario/img/ImagenNoDisponible.png
454;136;Cámara de humidificación reusable;;;;;;10;1;;;;http://localhost/consorcioHospitalario/img/ImagenNoDisponible.png
455;136;Humidificador respitatorio ;;;;;;10;1;;;;http://localhost/consorcioHospitalario/img/ImagenNoDisponible.png
456;136;Cobertor térmico;;;;;;10;1;;;;http://localhost/consorcioHospitalario/img/ImagenNoDisponible.png
457;136;Almohadillas de fijación;;;;;;10;1;;;;http://localhost/consorcioHospitalario/img/ImagenNoDisponible.png
458;136;Optiflow Jr. cánula nasal;;;;;;10;1;;;;http://localhost/consorcioHospitalario/img/ImagenNoDisponible.png
459;136;Pulmón de prueba;;;;;;10;1;;;;http://localhost/consorcioHospitalario/img/ImagenNoDisponible.png
460;136;Circuito ergonómico en T;;;;;;10;1;;;;http://localhost/consorcioHospitalario/img/ImagenNoDisponible.png
461;136;Mascarilla de reanimación para bebé;;;;;;10;1;;;;http://localhost/consorcioHospitalario/img/ImagenNoDisponible.png
462;136;Reanimador en T neumático neonatal;;;;;;10;1;;;;http://localhost/consorcioHospitalario/img/ImagenNoDisponible.png
463;136;Válvula de oxígeno;;;;;;10;1;;;;http://localhost/consorcioHospitalario/img/ImagenNoDisponible.png
464;136;Mascarilla facial;;;;;;10;1;;;;http://localhost/consorcioHospitalario/img/ImagenNoDisponible.png
465;136;Circuito para ventilador ;;;;;;10;1;;;;http://localhost/consorcioHospitalario/img/ImagenNoDisponible.png
466;136;Circuito para terapia de oxígeno;;;;;;10;1;;;;http://localhost/consorcioHospitalario/img/ImagenNoDisponible.png
467;136;Kit de adulto para CPAP;;;;;;10;1;;;;http://localhost/consorcioHospitalario/img/ImagenNoDisponible.png
468;137;Mascarilla laringea;;;;;;10;1;;;;http://localhost/consorcioHospitalario/img/ImagenNoDisponible.png
469;137;Deflactor para mascarilla;;;;;;10;1;;;;http://localhost/consorcioHospitalario/img/ImagenNoDisponible.png
470;137;Estabilizador de tubo endotraqueal;;;;;;10;1;;;;http://localhost/consorcioHospitalario/img/ImagenNoDisponible.png
471;137;Introductor para Proseal;;;;;;10;1;;;;http://localhost/consorcioHospitalario/img/ImagenNoDisponible.png
472;137;Dispositivo atomizador de mucosa;;;;;;10;1;;;;http://localhost/consorcioHospitalario/img/ImagenNoDisponible.png
473;138;Batería de reemplazo;;;;;;10;1;;;;http://localhost/consorcioHospitalario/img/ImagenNoDisponible.png
474;138;Microbomba de nebulización;;;;;;10;1;;;;http://localhost/consorcioHospitalario/img/ImagenNoDisponible.png
475;138;Adaptador de corriente;;;;;;10;1;;;;http://localhost/consorcioHospitalario/img/ImagenNoDisponible.png
476;138;Adaptador de codo ventilado;;;;;;10;1;;;;http://localhost/consorcioHospitalario/img/ImagenNoDisponible.png
477;138;Bracket de montaje universal;;;;;;10;1;;;;http://localhost/consorcioHospitalario/img/ImagenNoDisponible.png
478;138;Adaptador y espaciador;;;;;;10;1;;;;http://localhost/consorcioHospitalario/img/ImagenNoDisponible.png
479;138;Cable de interface para módulo;;;;;;10;1;;;;http://localhost/consorcioHospitalario/img/ImagenNoDisponible.png
480;138;Sistema profesional de microbomba;;;;;;10;1;;;;http://localhost/consorcioHospitalario/img/ImagenNoDisponible.png
481;138;Kit de adaptador en T;;;;;;10;1;;;;http://localhost/consorcioHospitalario/img/ImagenNoDisponible.png
482;139;Cánula nasofaríngea;;;;;;10;1;;;;http://localhost/consorcioHospitalario/img/ImagenNoDisponible.png
483;139;Sonda foley;;;;;;10;1;;;;http://localhost/consorcioHospitalario/img/ImagenNoDisponible.png
484;139;Sonda nelato;;;;;;10;1;;;;http://localhost/consorcioHospitalario/img/ImagenNoDisponible.png
485;139;Cateter pezzer;;;;;;10;1;;;;http://localhost/consorcioHospitalario/img/ImagenNoDisponible.png
486;140;Aspirador de meconio;;;;;;10;1;;;;http://localhost/consorcioHospitalario/img/ImagenNoDisponible.png
487;140;Succionador oral-nasal;;;;;;10;1;;;;http://localhost/consorcioHospitalario/img/ImagenNoDisponible.png
488;140;Sujetador y contenedor para succionadores;;;;;;10;1;;;;http://localhost/consorcioHospitalario/img/ImagenNoDisponible.png
489;140;Neoseal sello protector;;;;;;10;1;;;;http://localhost/consorcioHospitalario/img/ImagenNoDisponible.png
490;140;Sujetador de catéter umbilical;;;;;;10;1;;;;http://localhost/consorcioHospitalario/img/ImagenNoDisponible.png
491;140;Lentes de foto terapia de fijación;;;;;;10;1;;;;http://localhost/consorcioHospitalario/img/ImagenNoDisponible.png
492;140;Parche para sensor de temperatura;;;;;;10;1;;;;http://localhost/consorcioHospitalario/img/ImagenNoDisponible.png
493;140;Fijador estándar para tubo gástrico;;;;;;10;1;;;;http://localhost/consorcioHospitalario/img/ImagenNoDisponible.png
494;140;Sujetador desechable para cánula;;;;;;10;1;;;;http://localhost/consorcioHospitalario/img/ImagenNoDisponible.png
495;141;Lentes para fototerapia;;;;;;10;1;;;;http://localhost/consorcioHospitalario/img/ImagenNoDisponible.png
496;142;Casco cefálico neonatal;;;;;;10;1;;;;http://localhost/consorcioHospitalario/img/ImagenNoDisponible.png
497;142;Collar reusable para casco cefálico;;;;;;10;1;;;;http://localhost/consorcioHospitalario/img/ImagenNoDisponible.png
498;142;Kit completo de aguja para biopsia de médula osea neonatal;;;;;;10;1;;;;http://localhost/consorcioHospitalario/img/ImagenNoDisponible.png
499;142;Aguja para biopsia de médula osea neonatal;;;;;;10;1;;;;http://localhost/consorcioHospitalario/img/ImagenNoDisponible.png
500;142;Kit de filtro de sangre;;;;;;10;1;;;;http://localhost/consorcioHospitalario/img/ImagenNoDisponible.png
501;142;Filtro de sangre;;;;;;10;1;;;;http://localhost/consorcioHospitalario/img/ImagenNoDisponible.png
502;142;Catéter para drenaje torácico de silicón;;;;;;10;1;;;;http://localhost/consorcioHospitalario/img/ImagenNoDisponible.png
503;142;Adaptador para jeringa con extención;;;;;;10;1;;;;http://localhost/consorcioHospitalario/img/ImagenNoDisponible.png
504;142;Sonda de alimentación de silicón;;;;;;10;1;;;;http://localhost/consorcioHospitalario/img/ImagenNoDisponible.png
505;142;Catéter umbilical pediátrico;;;;;;10;1;;;;http://localhost/consorcioHospitalario/img/ImagenNoDisponible.png
506;142;Catéter percutaneo de silicón;;;;;;10;1;;;;http://localhost/consorcioHospitalario/img/ImagenNoDisponible.png
507;142;Kit completo de catéter;;;;;;10;1;;;;http://localhost/consorcioHospitalario/img/ImagenNoDisponible.png
508;143;Aguja para aspiración y biopsia de médula ósea;;;;;;10;1;;;;http://localhost/consorcioHospitalario/img/ImagenNoDisponible.png
509;144;Catéter venoso central de poliuretano;;;;;;10;1;;;;http://localhost/consorcioHospitalario/img/ImagenNoDisponible.png
510;144;Puerto implantable;;;;;;10;1;;;;http://localhost/consorcioHospitalario/img/ImagenNoDisponible.png
511;145;Sistema de succión cerrado con puerto;;;;;;10;1;;;;http://localhost/consorcioHospitalario/img/ImagenNoDisponible.png
512;145;Sistema de succión cerrado para tubo endotraqueal;;;;;;10;1;;;;http://localhost/consorcioHospitalario/img/ImagenNoDisponible.png
513;145;Sistema de succión cerrado para traqueostomia;;;;;;10;1;;;;http://localhost/consorcioHospitalario/img/ImagenNoDisponible.png
514;146;Kit básico de catéter percutaneo;;;;;;10;1;;;;http://localhost/consorcioHospitalario/img/ImagenNoDisponible.png
515;147;Paño jabonoso para higiene personal;;;;;;10;1;;;;http://localhost/consorcioHospitalario/img/ImagenNoDisponible.png
516;148;Sujetador de sonda foley;;;;;;10;1;;;;http://localhost/consorcioHospitalario/img/ImagenNoDisponible.png
517;148;Sistema de fijación para catéter;;;;;;10;1;;;;http://localhost/consorcioHospitalario/img/ImagenNoDisponible.png
518;149;Video estilete levitan, dispositivo de visión directa;;;;;;10;1;;;;http://localhost/consorcioHospitalario/img/ImagenNoDisponible.png
519;149;Adaptador tope para colocación del tubo endotraqueal;;;;;;10;1;;;;http://localhost/consorcioHospitalario/img/ImagenNoDisponible.png
520;149;Adaptador para mango de laringoscopio;;;;;;10;1;;;;http://localhost/consorcioHospitalario/img/ImagenNoDisponible.png
521;149;Video endoscopio pocket scope;;;;;;10;1;;;;http://localhost/consorcioHospitalario/img/ImagenNoDisponible.png
522;149;Fuente de luz turbo led;;;;;;10;1;;;;http://localhost/consorcioHospitalario/img/ImagenNoDisponible.png
523;149;Mango de laringoscopio;;;;;;10;1;;;;http://localhost/consorcioHospitalario/img/ImagenNoDisponible.png
524;149;Maletín de transporte de video;;;;;;10;1;;;;http://localhost/consorcioHospitalario/img/ImagenNoDisponible.png
525;149;Adaptador de smartphone para la vista por el video;;;;;;10;1;;;;http://localhost/consorcioHospitalario/img/ImagenNoDisponible.png
526;150;Aguja hipodérmica;;;;;;10;1;;;;http://localhost/consorcioHospitalario/img/ImagenNoDisponible.png
527;150;Jeringa;;;;;;10;1;;;;http://localhost/consorcioHospitalario/img/ImagenNoDisponible.png
528;150;Aguja ultrafine;;;;;;10;1;;;;http://localhost/consorcioHospitalario/img/ImagenNoDisponible.png
529;150;Contenedor de puzocortantes;;;;;;10;1;;;;http://localhost/consorcioHospitalario/img/ImagenNoDisponible.png
530;150;Soporte para recolector;;;;;;10;1;;;;http://localhost/consorcioHospitalario/img/ImagenNoDisponible.png
531;150;Catéter insyte;;;;;;10;1;;;;http://localhost/consorcioHospitalario/img/ImagenNoDisponible.png
532;150;Aguja espinal;;;;;;10;1;;;;http://localhost/consorcioHospitalario/img/ImagenNoDisponible.png
533;150;Perisafe;;;;;;10;1;;;;http://localhost/consorcioHospitalario/img/ImagenNoDisponible.png
534;150;Vaso para recolección de muestra;;;;;;10;1;;;;http://localhost/consorcioHospitalario/img/ImagenNoDisponible.png
535;150;Coverplastoval;;;;;;10;1;;;;http://localhost/consorcioHospitalario/img/ImagenNoDisponible.png
536;150;Guante exploración;;;;;;10;1;;;;http://localhost/consorcioHospitalario/img/ImagenNoDisponible.png
537;151;Algondón plisado;;;;;;10;1;;;;http://localhost/consorcioHospitalario/img/ImagenNoDisponible.png
538;151;Torunda;;;;;;10;1;;;;http://localhost/consorcioHospitalario/img/ImagenNoDisponible.png
539;152;Brusella abortus;;;;;;10;1;;;;http://localhost/consorcioHospitalario/img/ImagenNoDisponible.png
540;152;Proteus ox-19;;;;;;10;1;;;;http://localhost/consorcioHospitalario/img/ImagenNoDisponible.png
541;152;"Tifico ""O""";;;;;;10;1;;;;http://localhost/consorcioHospitalario/img/ImagenNoDisponible.png
542;152;"Tifico ""H""";;;;;;10;1;;;;http://localhost/consorcioHospitalario/img/ImagenNoDisponible.png
543;152;"Paratífico ""A""";;;;;;10;1;;;;http://localhost/consorcioHospitalario/img/ImagenNoDisponible.png
544;152;"Paratífico ""B""";;;;;;10;1;;;;http://localhost/consorcioHospitalario/img/ImagenNoDisponible.png
545;152;Control positivo ;;;;;;10;1;;;;http://localhost/consorcioHospitalario/img/ImagenNoDisponible.png
546;152;Control negativo;;;;;;10;1;;;;http://localhost/consorcioHospitalario/img/ImagenNoDisponible.png
547;152;Antígenos febriles;;;;;;10;1;;;;http://localhost/consorcioHospitalario/img/ImagenNoDisponible.png
548;152;Rosa de bengala;;;;;;10;1;;;;http://localhost/consorcioHospitalario/img/ImagenNoDisponible.png
549;153;Sida VIH 1/2;;;;;;10;1;;;;http://localhost/consorcioHospitalario/img/ImagenNoDisponible.png
550;153;TATC;;;;;;10;1;;;;http://localhost/consorcioHospitalario/img/ImagenNoDisponible.png
551;153;Prenatest Beta;;;;;;10;1;;;;http://localhost/consorcioHospitalario/img/ImagenNoDisponible.png
552;153;Rapitest;;;;;;10;1;;;;http://localhost/consorcioHospitalario/img/ImagenNoDisponible.png
553;153;Pregna-instant;;;;;;10;1;;;;http://localhost/consorcioHospitalario/img/ImagenNoDisponible.png
554;154;Suero anti-A monoclonal;;;;;;10;1;;;;http://localhost/consorcioHospitalario/img/ImagenNoDisponible.png
555;154;Suero anti-B monoclonal ;;;;;;10;1;;;;http://localhost/consorcioHospitalario/img/ImagenNoDisponible.png
556;154;Suero anti-Rh (anti-D);;;;;;10;1;;;;http://localhost/consorcioHospitalario/img/ImagenNoDisponible.png
557;154;Control Rh-Hr;;;;;;10;1;;;;http://localhost/consorcioHospitalario/img/ImagenNoDisponible.png
558;154;Suero anti-humano (coombs);;;;;;10;1;;;;http://localhost/consorcioHospitalario/img/ImagenNoDisponible.png
559;154;Suero anti-A1 lectina;;;;;;10;1;;;;http://localhost/consorcioHospitalario/img/ImagenNoDisponible.png
560;154;Albumina de bovino al 22%;;;;;;10;1;;;;http://localhost/consorcioHospitalario/img/ImagenNoDisponible.png
561;154;Albumina de bovino al 30%;;;;;;10;1;;;;http://localhost/consorcioHospitalario/img/ImagenNoDisponible.png
562;155;Reumatex;;;;;;10;1;;;;http://localhost/consorcioHospitalario/img/ImagenNoDisponible.png
563;155;Protex-CR;;;;;;10;1;;;;http://localhost/consorcioHospitalario/img/ImagenNoDisponible.png
564;155;"Estreptolisina ""O"" liofilizada";;;;;;10;1;;;;http://localhost/consorcioHospitalario/img/ImagenNoDisponible.png
565;155;Estreptoex (latex);;;;;;10;1;;;;http://localhost/consorcioHospitalario/img/ImagenNoDisponible.png
566;156;Hemolaf (tira);;;;;;10;1;;;;http://localhost/consorcioHospitalario/img/ImagenNoDisponible.png
567;156;Hemolaf card;;;;;;10;1;;;;http://localhost/consorcioHospitalario/img/ImagenNoDisponible.png
568;157;PRR prueba rápida de Reaginas s/controles;;;;;;10;1;;;;http://localhost/consorcioHospitalario/img/ImagenNoDisponible.png
569;157;PRR prueba rápida de Reaginas c/controles;;;;;;10;1;;;;http://localhost/consorcioHospitalario/img/ImagenNoDisponible.png
570;157;USR (VDRL) antigeno estabilizado de cardiolipina s/controles ;;;;;;10;1;;;;http://localhost/consorcioHospitalario/img/ImagenNoDisponible.png
571;157;USR (VDRL) antigeno estabilizado de cardiolipina c/controles ;;;;;;10;1;;;;http://localhost/consorcioHospitalario/img/ImagenNoDisponible.png
572;157;Controles PRR (incluyendo positivo y negativo);;;;;;10;1;;;;http://localhost/consorcioHospitalario/img/ImagenNoDisponible.png
573;157;Controles USR (incluyendo positivo y negativo);;;;;;10;1;;;;http://localhost/consorcioHospitalario/img/ImagenNoDisponible.png
574;157;Sifilis (PBA rápida inmunocromatográfica);;;;;;10;1;;;;http://localhost/consorcioHospitalario/img/ImagenNoDisponible.png
575;158;Mission (tira de 10 parámetros en orina);;;;;;10;1;;;;http://localhost/consorcioHospitalario/img/ImagenNoDisponible.png
576;159;Cloruro de calcio;;;;;;10;1;;;;http://localhost/consorcioHospitalario/img/ImagenNoDisponible.png
577;159;Determinación de mononucleosis;;;;;;10;1;;;;http://localhost/consorcioHospitalario/img/ImagenNoDisponible.png
578;159;Monolaf test;;;;;;10;1;;;;http://localhost/consorcioHospitalario/img/ImagenNoDisponible.png
579;160;Placa de vidrio de 6 ovalos;;;;;;10;1;;;;http://localhost/consorcioHospitalario/img/ImagenNoDisponible.png
580;160;Gradilla de acrilico con espejo;;;;;;10;1;;;;http://localhost/consorcioHospitalario/img/ImagenNoDisponible.png
581;160;Placa grabada ;;;;;;10;1;;;;http://localhost/consorcioHospitalario/img/ImagenNoDisponible.png
582;160;Placa de vidrio con anillos de cerámica;;;;;;10;1;;;;http://localhost/consorcioHospitalario/img/ImagenNoDisponible.png
583;161;Puntas;;;;;;10;1;;;;http://localhost/consorcioHospitalario/img/ImagenNoDisponible.png
584;161;Pipeta pasteur;;;;;;10;1;;;;http://localhost/consorcioHospitalario/img/ImagenNoDisponible.png
585;162;Guantes;;;;;;10;1;;;;http://localhost/consorcioHospitalario/img/ImagenNoDisponible.png
586;163;Ventset basic;;;;;;10;1;;;;http://localhost/consorcioHospitalario/img/ImagenNoDisponible.png
587;163;Ventstar pediátrico;;;;;;10;1;;;;http://localhost/consorcioHospitalario/img/ImagenNoDisponible.png
588;163;Ventstar neonatal;;;;;;10;1;;;;http://localhost/consorcioHospitalario/img/ImagenNoDisponible.png
589;163;Ventstar latex-free;;;;;;10;1;;;;http://localhost/consorcioHospitalario/img/ImagenNoDisponible.png
590;163;Ventsatr watertrap;;;;;;10;1;;;;http://localhost/consorcioHospitalario/img/ImagenNoDisponible.png
591;163;Ventset coax;;;;;;10;1;;;;http://localhost/consorcioHospitalario/img/ImagenNoDisponible.png
592;163;Vent set latex-free;;;;;;10;1;;;;http://localhost/consorcioHospitalario/img/ImagenNoDisponible.png
593;163;Ventset flex;;;;;;10;1;;;;http://localhost/consorcioHospitalario/img/ImagenNoDisponible.png
594;163;Ventstar MRI 300;;;;;;10;1;;;;http://localhost/consorcioHospitalario/img/ImagenNoDisponible.png
595;163;Ventstar bag set;;;;;;10;1;;;;http://localhost/consorcioHospitalario/img/ImagenNoDisponible.png
596;163;Anesthecia set basic;;;;;;10;1;;;;http://localhost/consorcioHospitalario/img/ImagenNoDisponible.png
597;163;Anesthecia set flex;;;;;;10;1;;;;http://localhost/consorcioHospitalario/img/ImagenNoDisponible.png
598;163;Ventstar ltx fr;;;;;;10;1;;;;http://localhost/consorcioHospitalario/img/ImagenNoDisponible.png
599;163;Humidifier chamber ventstar;;;;;;10;1;;;;http://localhost/consorcioHospitalario/img/ImagenNoDisponible.png
600;163;Ventstar oxilog;;;;;;10;1;;;;http://localhost/consorcioHospitalario/img/ImagenNoDisponible.png
601;163;Oxilog 3000 3000;;;;;;10;1;;;;http://localhost/consorcioHospitalario/img/ImagenNoDisponible.png
602;163;Ventstar resuscitaire;;;;;;10;1;;;;http://localhost/consorcioHospitalario/img/ImagenNoDisponible.png
603;163;Ventsatar carina;;;;;;10;1;;;;http://localhost/consorcioHospitalario/img/ImagenNoDisponible.png
604;163;Set de ventilacion aquapor pediatrico;;;;;;10;1;;;;http://localhost/consorcioHospitalario/img/ImagenNoDisponible.png
605;163;HME breathing hose set silicone;;;;;;10;1;;;;http://localhost/consorcioHospitalario/img/ImagenNoDisponible.png
606;163;Hose set F&P ;;;;;;10;1;;;;http://localhost/consorcioHospitalario/img/ImagenNoDisponible.png
607;163;Hose set babylog;;;;;;10;1;;;;http://localhost/consorcioHospitalario/img/ImagenNoDisponible.png
608;163;Anesthecia set;;;;;;10;1;;;;http://localhost/consorcioHospitalario/img/ImagenNoDisponible.png
609;163;Twinstar;;;;;;10;1;;;;http://localhost/consorcioHospitalario/img/ImagenNoDisponible.png
610;163;Carestar;;;;;;10;1;;;;http://localhost/consorcioHospitalario/img/ImagenNoDisponible.png
611;163;Safestar;;;;;;10;1;;;;http://localhost/consorcioHospitalario/img/ImagenNoDisponible.png
612;163;Humidstar;;;;;;10;1;;;;http://localhost/consorcioHospitalario/img/ImagenNoDisponible.png
613;163;Ergostar;;;;;;10;1;;;;http://localhost/consorcioHospitalario/img/ImagenNoDisponible.png
614;163;Classicstar;;;;;;10;1;;;;http://localhost/consorcioHospitalario/img/ImagenNoDisponible.png
615;163;Novastar;;;;;;10;1;;;;http://localhost/consorcioHospitalario/img/ImagenNoDisponible.png
616;163;Litestar;;;;;;10;1;;;;http://localhost/consorcioHospitalario/img/ImagenNoDisponible.png
617;163;Comfortstar;;;;;;10;1;;;;http://localhost/consorcioHospitalario/img/ImagenNoDisponible.png
618;163;Mask reusable;;;;;;10;1;;;;http://localhost/consorcioHospitalario/img/ImagenNoDisponible.png
619;163;Mascarilla de silicon;;;;;;10;1;;;;http://localhost/consorcioHospitalario/img/ImagenNoDisponible.png
620;164;Dragersorb;;;;;;10;1;;;;http://localhost/consorcioHospitalario/img/ImagenNoDisponible.png
621;164;Canister opener;;;;;;10;1;;;;http://localhost/consorcioHospitalario/img/ImagenNoDisponible.png
622;164;CO2 Absorber;;;;;;10;1;;;;http://localhost/consorcioHospitalario/img/ImagenNoDisponible.png
623;165;Spirolog;;;;;;10;1;;;;http://localhost/consorcioHospitalario/img/ImagenNoDisponible.png
624;165;Neo flow sensor insert;;;;;;10;1;;;;http://localhost/consorcioHospitalario/img/ImagenNoDisponible.png
625;165;Y-piece neo flow sensor;;;;;;10;1;;;;http://localhost/consorcioHospitalario/img/ImagenNoDisponible.png
626;165;ISO15 neo flow sensor;;;;;;10;1;;;;http://localhost/consorcioHospitalario/img/ImagenNoDisponible.png
627;165;Pressure diff;;;;;;10;1;;;;http://localhost/consorcioHospitalario/img/ImagenNoDisponible.png
628;165;Spirolife;;;;;;10;1;;;;http://localhost/consorcioHospitalario/img/ImagenNoDisponible.png
629;165;O2 capsule;;;;;;10;1;;;;http://localhost/consorcioHospitalario/img/ImagenNoDisponible.png
630;165;Fast O2 sensor;;;;;;10;1;;;;http://localhost/consorcioHospitalario/img/ImagenNoDisponible.png
631;165;Oxytrace VE savina;;;;;;10;1;;;;http://localhost/consorcioHospitalario/img/ImagenNoDisponible.png
632;165;O2 sensor housing oxydig;;;;;;10;1;;;;http://localhost/consorcioHospitalario/img/ImagenNoDisponible.png
633;166;Multimed;;;;;;10;1;;;;http://localhost/consorcioHospitalario/img/ImagenNoDisponible.png
634;166;Pod multimed;;;;;;10;1;;;;http://localhost/consorcioHospitalario/img/ImagenNoDisponible.png
635;166;Neomed;;;;;;10;1;;;;http://localhost/consorcioHospitalario/img/ImagenNoDisponible.png
636;166;Pod connection;;;;;;10;1;;;;http://localhost/consorcioHospitalario/img/ImagenNoDisponible.png
637;166;Cable de conexión;;;;;;10;1;;;;http://localhost/consorcioHospitalario/img/ImagenNoDisponible.png
638;166;Brazo giratorio para pods;;;;;;10;1;;;;http://localhost/consorcioHospitalario/img/ImagenNoDisponible.png
639;166;Monolead;;;;;;10;1;;;;http://localhost/consorcioHospitalario/img/ImagenNoDisponible.png
640;166;ECG cable;;;;;;10;1;;;;http://localhost/consorcioHospitalario/img/ImagenNoDisponible.png
641;166;Nellcor;;;;;;10;1;;;;http://localhost/consorcioHospitalario/img/ImagenNoDisponible.png
642;166;Cable prolongac;;;;;;10;1;;;;http://localhost/consorcioHospitalario/img/ImagenNoDisponible.png
643;166;Drager SpO2;;;;;;10;1;;;;http://localhost/consorcioHospitalario/img/ImagenNoDisponible.png
644;166;SpO2 ext.;;;;;;10;1;;;;http://localhost/consorcioHospitalario/img/ImagenNoDisponible.png
645;166;Procal +intermediate cable;;;;;;10;1;;;;http://localhost/consorcioHospitalario/img/ImagenNoDisponible.png
646;166;Cable intermedio;;;;;;10;1;;;;http://localhost/consorcioHospitalario/img/ImagenNoDisponible.png
647;166;Cbl ext. ;;;;;;10;1;;;;http://localhost/consorcioHospitalario/img/ImagenNoDisponible.png
648;166;SpO2 sensor cable masivo;;;;;;10;1;;;;http://localhost/consorcioHospitalario/img/ImagenNoDisponible.png
649;166;Masivo SpO2;;;;;;10;1;;;;http://localhost/consorcioHospitalario/img/ImagenNoDisponible.png
650;166;Nellcor SpO2;;;;;;10;1;;;;http://localhost/consorcioHospitalario/img/ImagenNoDisponible.png
651;166;Ear clip for nellcor;;;;;;10;1;;;;http://localhost/consorcioHospitalario/img/ImagenNoDisponible.png
652;166;SpO2 klebesnes;;;;;;10;1;;;;http://localhost/consorcioHospitalario/img/ImagenNoDisponible.png
653;166;Cable intermedio;;;;;;10;1;;;;http://localhost/consorcioHospitalario/img/ImagenNoDisponible.png
654;166;SpO2 masivo;;;;;;10;1;;;;http://localhost/consorcioHospitalario/img/ImagenNoDisponible.png
655;166;Cinta de espuma;;;;;;10;1;;;;http://localhost/consorcioHospitalario/img/ImagenNoDisponible.png
656;166;Cinta adhesiva;;;;;;10;1;;;;http://localhost/consorcioHospitalario/img/ImagenNoDisponible.png
657;166;SpO2 adhesive;;;;;;10;1;;;;http://localhost/consorcioHospitalario/img/ImagenNoDisponible.png
658;166;Adapter cable;;;;;;10;1;;;;http://localhost/consorcioHospitalario/img/ImagenNoDisponible.png
659;166;Cable en ytem;;;;;;10;1;;;;http://localhost/consorcioHospitalario/img/ImagenNoDisponible.png
660;166;General-porpuse temparature;;;;;;10;1;;;;http://localhost/consorcioHospitalario/img/ImagenNoDisponible.png
661;166;Skin temperature probe;;;;;;10;1;;;;http://localhost/consorcioHospitalario/img/ImagenNoDisponible.png
662;166;Temp. sensor;;;;;;10;1;;;;http://localhost/consorcioHospitalario/img/ImagenNoDisponible.png
663;166;Adaptador de brazaletes;;;;;;10;1;;;;http://localhost/consorcioHospitalario/img/ImagenNoDisponible.png
664;166;NIBP;;;;;;10;1;;;;http://localhost/consorcioHospitalario/img/ImagenNoDisponible.png
665;167;Pod hemomed;;;;;;10;1;;;;http://localhost/consorcioHospitalario/img/ImagenNoDisponible.png
666;167;cable de conexion hemomed;;;;;;10;1;;;;http://localhost/consorcioHospitalario/img/ImagenNoDisponible.png
667;167;Pod adapter;;;;;;10;1;;;;http://localhost/consorcioHospitalario/img/ImagenNoDisponible.png
668;167;Adaptador ohmeda;;;;;;10;1;;;;http://localhost/consorcioHospitalario/img/ImagenNoDisponible.png
669;167;Adaptador memscap;;;;;;10;1;;;;http://localhost/consorcioHospitalario/img/ImagenNoDisponible.png
670;167;IBP;;;;;;10;1;;;;http://localhost/consorcioHospitalario/img/ImagenNoDisponible.png
671;167;CO;;;;;;10;1;;;;http://localhost/consorcioHospitalario/img/ImagenNoDisponible.png
672;167;Infinity;;;;;;10;1;;;;http://localhost/consorcioHospitalario/img/ImagenNoDisponible.png
673;167;Sensor bis;;;;;;10;1;;;;http://localhost/consorcioHospitalario/img/ImagenNoDisponible.png
674;167;Derivacion de EEG reutilizable;;;;;;10;1;;;;http://localhost/consorcioHospitalario/img/ImagenNoDisponible.png
675;167;Referential lead block;;;;;;10;1;;;;http://localhost/consorcioHospitalario/img/ImagenNoDisponible.png
676;167;EEG electrodes;;;;;;10;1;;;;http://localhost/consorcioHospitalario/img/ImagenNoDisponible.png
677;167;Termistor;;;;;;10;1;;;;http://localhost/consorcioHospitalario/img/ImagenNoDisponible.png
678;167;Accelerometer;;;;;;10;1;;;;http://localhost/consorcioHospitalario/img/ImagenNoDisponible.png
679;167;Adaptador para mano;;;;;;10;1;;;;http://localhost/consorcioHospitalario/img/ImagenNoDisponible.png
680;167;Clip accesorio;;;;;;10;1;;;;http://localhost/consorcioHospitalario/img/ImagenNoDisponible.png
681;167;Cable para electrodo;;;;;;10;1;;;;http://localhost/consorcioHospitalario/img/ImagenNoDisponible.png
682;167;Cable accesorio;;;;;;10;1;;;;http://localhost/consorcioHospitalario/img/ImagenNoDisponible.png
683;167;EtCO2;;;;;;10;1;;;;http://localhost/consorcioHospitalario/img/ImagenNoDisponible.png
684;167;Adaptador ;;;;;;10;1;;;;http://localhost/consorcioHospitalario/img/ImagenNoDisponible.png
685;167;Dehumidification;;;;;;10;1;;;;http://localhost/consorcioHospitalario/img/ImagenNoDisponible.png
686;167;Smart capnoline;;;;;;10;1;;;;http://localhost/consorcioHospitalario/img/ImagenNoDisponible.png